,tvec__max_df,tvec__max_features,tvec__min_df,tvec__ngram_range,tvec__stop_words,score,train_score,test_score,cvec__max_df,cvec__max_features,cvec__ngram_range,cvec__stop_words,tfidf__use_idf,rf__bootstrap,rf__ccp_alpha,rf__max_depth,rf__max_features,rf__n_estimators,svc__C,svc__degree,svc__kernel,cvec__min_df,lr__l1_ratio,lr__penalty,lr__solver,tfidf__sublinear_tf
nbt_1,0.25,5000.0,2.0,"(1, 2)","{'work', 'he', 'during', 'know', 'amp', ""weren't"", 'ma', 'being', 'will', 'if', 'himself', 'ago', 'yourself', 'after', 'just', 'www', 'your', 'be', ""it's"", 'her', 'can', ""needn't"", 'need', 'now', 'not', 'sure', 'vr', 'working', 'game', 'to', 'mustn', 'as', 'issue', 'mightn', 'different', 'its', 'these', 'couldn', 'with', 'nor', 'use', 'further', 'tracking', 'both', 'than', 'today', 'whom', ""isn't"", 'like', 'store', 'my', 'at', 'above', 'from', 'his', 'bought', 'it', 'don', 'play', 'when', 'him', 'doesn', 'looking', 'buy', 'am', 'better', ""doesn't"", 'here', 'of', 'update', 'an', 'and', 'good', ""you've"", 'where', 'again', 'set', 'a', ""mightn't"", 'headset', 'y', 'o', ""hadn't"", 'against', ""you'll"", 'which', 'there', 'isn', 'but', 'any', 'do', 'works', 'me', 'wasn', 'https', 'them', 'very', 'themselves', 'should', 'aren', 'down', 'who', 'on', ""won't"", 'way', 'new', 'before', 'out', 'between', 'help', 'really', 'she', 'hadn', ""you'd"", 't', 'beat', 'are', 'time_y', 'you', 'did', 'trying', 'our', 'the', 'because', ""shan't"", ""should've"", 'm', ""that'll"", 'want', 'controllers', 'x200b', 'this', 'ain', ""couldn't"", 'they', 'each', 'has', 'we', 'was', 'theirs', 'is', ""shouldn't"", 'so', 'won', 'then', 'thanks', 'needn', 'such', ""wasn't"", 'does', 'only', ""didn't"", 'using', 'while', 'been', 'controller', 's', 'cable', 'haven', 'experience', 'shan', 'things', 'fix', 'right', 'no', 'make', ""you're"", 'were', 'playing', 'those', 'over', 'their', 'by', 'having', 'about', 'ours', 'going', 'into', ""mustn't"", 'once', 'd', 'll', ""she's"", 'or', 're', 'let', ""aren't"", 'thing', 'doing', 'other', 'saber', 'up', 'yours', 'until', 'hers', 'below', 'own', 'tried', 'recently', 'used', 'too', 'com', 'that', 've', 'off', 'weren', 'ourselves', 'itself', 'all', 'myself', 'shouldn', 'more', 'getting', 'under', 'got', 'screen', 'have', 'fine', 'in', 'think', 'herself', 'had', ""wouldn't"", ""haven't"", 'long', 'wondering', 'wouldn', 'most', 'didn', 'try', 'same', 'what', 'problem', 'for', 'games', 'turn', 'yourselves', 'people', 'why', ""hasn't"", 'i', 'through', 'how', ""don't"", 'hasn', 'few', 'some'}",0.8694390715667312,0.9503311258278145,0.8852097130242825,,,,,,,,,,,,,,,,,,
nbc_1,,,,,,0.8481483720180529,0.9006622516556292,0.8620309050772627,0.3,3000.0,"(1, 1)","{'work', 'he', 'during', 'know', 'amp', ""weren't"", 'ma', 'being', 'will', 'if', 'himself', 'ago', 'yourself', 'after', 'just', 'www', 'your', 'be', ""it's"", 'her', 'can', ""needn't"", 'need', 'now', 'not', 'sure', 'vr', 'working', 'game', 'to', 'mustn', 'as', 'issue', 'mightn', 'different', 'its', 'these', 'couldn', 'with', 'nor', 'use', 'further', 'tracking', 'both', 'than', 'today', 'whom', ""isn't"", 'like', 'store', 'my', 'at', 'above', 'from', 'his', 'bought', 'it', 'don', 'play', 'when', 'him', 'doesn', 'looking', 'buy', 'am', 'better', ""doesn't"", 'here', 'of', 'update', 'an', 'and', 'good', ""you've"", 'where', 'again', 'set', 'a', ""mightn't"", 'headset', 'y', 'o', ""hadn't"", 'against', ""you'll"", 'which', 'there', 'isn', 'but', 'any', 'do', 'works', 'me', 'wasn', 'https', 'them', 'very', 'themselves', 'should', 'aren', 'down', 'who', 'on', ""won't"", 'way', 'new', 'before', 'out', 'between', 'help', 'really', 'she', 'hadn', ""you'd"", 't', 'beat', 'are', 'time_y', 'you', 'did', 'trying', 'our', 'the', 'because', ""shan't"", ""should've"", 'm', ""that'll"", 'want', 'controllers', 'x200b', 'this', 'ain', ""couldn't"", 'they', 'each', 'has', 'we', 'was', 'theirs', 'is', ""shouldn't"", 'so', 'won', 'then', 'thanks', 'needn', 'such', ""wasn't"", 'does', 'only', ""didn't"", 'using', 'while', 'been', 'controller', 's', 'cable', 'haven', 'experience', 'shan', 'things', 'fix', 'right', 'no', 'make', ""you're"", 'were', 'playing', 'those', 'over', 'their', 'by', 'having', 'about', 'ours', 'going', 'into', ""mustn't"", 'once', 'd', 'll', ""she's"", 'or', 're', 'let', ""aren't"", 'thing', 'doing', 'other', 'saber', 'up', 'yours', 'until', 'hers', 'below', 'own', 'tried', 'recently', 'used', 'too', 'com', 'that', 've', 'off', 'weren', 'ourselves', 'itself', 'all', 'myself', 'shouldn', 'more', 'getting', 'under', 'got', 'screen', 'have', 'fine', 'in', 'think', 'herself', 'had', ""wouldn't"", ""haven't"", 'long', 'wondering', 'wouldn', 'most', 'didn', 'try', 'same', 'what', 'problem', 'for', 'games', 'turn', 'yourselves', 'people', 'why', ""hasn't"", 'i', 'through', 'how', ""don't"", 'hasn', 'few', 'some'}",,,,,,,,,,,,,,
nbt_1,,,,,,0.8807933053943692,0.9503311258278145,0.9028697571743929,0.3,5000.0,"(1, 1)","{'work', 'he', 'during', 'know', 'amp', ""weren't"", 'ma', 'being', 'will', 'if', 'himself', 'ago', 'yourself', 'after', 'just', 'www', 'your', 'be', ""it's"", 'her', 'can', ""needn't"", 'need', 'now', 'not', 'sure', 'vr', 'working', 'game', 'to', 'mustn', 'as', 'issue', 'mightn', 'different', 'its', 'these', 'couldn', 'with', 'nor', 'use', 'further', 'tracking', 'both', 'than', 'today', 'whom', ""isn't"", 'like', 'store', 'my', 'at', 'above', 'from', 'his', 'bought', 'it', 'don', 'play', 'when', 'him', 'doesn', 'looking', 'buy', 'am', 'better', ""doesn't"", 'here', 'of', 'update', 'an', 'and', 'good', ""you've"", 'where', 'again', 'set', 'a', ""mightn't"", 'headset', 'y', 'o', ""hadn't"", 'against', ""you'll"", 'which', 'there', 'isn', 'but', 'any', 'do', 'works', 'me', 'wasn', 'https', 'them', 'very', 'themselves', 'should', 'aren', 'down', 'who', 'on', ""won't"", 'way', 'new', 'before', 'out', 'between', 'help', 'really', 'she', 'hadn', ""you'd"", 't', 'beat', 'are', 'time_y', 'you', 'did', 'trying', 'our', 'the', 'because', ""shan't"", ""should've"", 'm', ""that'll"", 'want', 'controllers', 'x200b', 'this', 'ain', ""couldn't"", 'they', 'each', 'has', 'we', 'was', 'theirs', 'is', ""shouldn't"", 'so', 'won', 'then', 'thanks', 'needn', 'such', ""wasn't"", 'does', 'only', ""didn't"", 'using', 'while', 'been', 'controller', 's', 'cable', 'haven', 'experience', 'shan', 'things', 'fix', 'right', 'no', 'make', ""you're"", 'were', 'playing', 'those', 'over', 'their', 'by', 'having', 'about', 'ours', 'going', 'into', ""mustn't"", 'once', 'd', 'll', ""she's"", 'or', 're', 'let', ""aren't"", 'thing', 'doing', 'other', 'saber', 'up', 'yours', 'until', 'hers', 'below', 'own', 'tried', 'recently', 'used', 'too', 'com', 'that', 've', 'off', 'weren', 'ourselves', 'itself', 'all', 'myself', 'shouldn', 'more', 'getting', 'under', 'got', 'screen', 'have', 'fine', 'in', 'think', 'herself', 'had', ""wouldn't"", ""haven't"", 'long', 'wondering', 'wouldn', 'most', 'didn', 'try', 'same', 'what', 'problem', 'for', 'games', 'turn', 'yourselves', 'people', 'why', ""hasn't"", 'i', 'through', 'how', ""don't"", 'hasn', 'few', 'some'}",False,,,,,,,,,,,,,
rft_1,,1000.0,11.0,"(1, 1)","{'work', 'he', 'during', 'know', 'amp', ""weren't"", 'ma', 'being', 'will', 'if', 'himself', 'ago', 'yourself', 'after', 'just', 'www', 'your', 'be', ""it's"", 'her', 'can', ""needn't"", 'need', 'now', 'not', 'sure', 'vr', 'working', 'game', 'to', 'mustn', 'as', 'issue', 'mightn', 'different', 'its', 'these', 'couldn', 'with', 'nor', 'use', 'further', 'tracking', 'both', 'than', 'today', 'whom', ""isn't"", 'like', 'store', 'my', 'at', 'above', 'from', 'his', 'bought', 'it', 'don', 'play', 'when', 'him', 'doesn', 'looking', 'buy', 'am', 'better', ""doesn't"", 'here', 'of', 'update', 'an', 'and', 'good', ""you've"", 'where', 'again', 'set', 'a', ""mightn't"", 'headset', 'y', 'o', ""hadn't"", 'against', ""you'll"", 'which', 'there', 'isn', 'but', 'any', 'do', 'works', 'me', 'wasn', 'https', 'them', 'very', 'themselves', 'should', 'aren', 'down', 'who', 'on', ""won't"", 'way', 'new', 'before', 'out', 'between', 'help', 'really', 'she', 'hadn', ""you'd"", 't', 'beat', 'are', 'time_y', 'you', 'did', 'trying', 'our', 'the', 'because', ""shan't"", ""should've"", 'm', ""that'll"", 'want', 'controllers', 'x200b', 'this', 'ain', ""couldn't"", 'they', 'each', 'has', 'we', 'was', 'theirs', 'is', ""shouldn't"", 'so', 'won', 'then', 'thanks', 'needn', 'such', ""wasn't"", 'does', 'only', ""didn't"", 'using', 'while', 'been', 'controller', 's', 'cable', 'haven', 'experience', 'shan', 'things', 'fix', 'right', 'no', 'make', ""you're"", 'were', 'playing', 'those', 'over', 'their', 'by', 'having', 'about', 'ours', 'going', 'into', ""mustn't"", 'once', 'd', 'll', ""she's"", 'or', 're', 'let', ""aren't"", 'thing', 'doing', 'other', 'saber', 'up', 'yours', 'until', 'hers', 'below', 'own', 'tried', 'recently', 'used', 'too', 'com', 'that', 've', 'off', 'weren', 'ourselves', 'itself', 'all', 'myself', 'shouldn', 'more', 'getting', 'under', 'got', 'screen', 'have', 'fine', 'in', 'think', 'herself', 'had', ""wouldn't"", ""haven't"", 'long', 'wondering', 'wouldn', 'most', 'didn', 'try', 'same', 'what', 'problem', 'for', 'games', 'turn', 'yourselves', 'people', 'why', ""hasn't"", 'i', 'through', 'how', ""don't"", 'hasn', 'few', 'some'}",0.8670756769825919,0.8732261116367077,0.8554083885209713,,,,,,True,0.0001,4.0,sqrt,80.0,,,,,,,,
rfc_1,,,,,,0.8732276219643241,0.8661305581835383,0.8565121412803532,0.7,1000.0,"(1, 1)","{'work', 'he', 'during', 'know', 'amp', ""weren't"", 'ma', 'being', 'will', 'if', 'himself', 'ago', 'yourself', 'after', 'just', 'www', 'your', 'be', ""it's"", 'her', 'can', ""needn't"", 'need', 'now', 'not', 'sure', 'vr', 'working', 'game', 'to', 'mustn', 'as', 'issue', 'mightn', 'different', 'its', 'these', 'couldn', 'with', 'nor', 'use', 'further', 'tracking', 'both', 'than', 'today', 'whom', ""isn't"", 'like', 'store', 'my', 'at', 'above', 'from', 'his', 'bought', 'it', 'don', 'play', 'when', 'him', 'doesn', 'looking', 'buy', 'am', 'better', ""doesn't"", 'here', 'of', 'update', 'an', 'and', 'good', ""you've"", 'where', 'again', 'set', 'a', ""mightn't"", 'headset', 'y', 'o', ""hadn't"", 'against', ""you'll"", 'which', 'there', 'isn', 'but', 'any', 'do', 'works', 'me', 'wasn', 'https', 'them', 'very', 'themselves', 'should', 'aren', 'down', 'who', 'on', ""won't"", 'way', 'new', 'before', 'out', 'between', 'help', 'really', 'she', 'hadn', ""you'd"", 't', 'beat', 'are', 'time_y', 'you', 'did', 'trying', 'our', 'the', 'because', ""shan't"", ""should've"", 'm', ""that'll"", 'want', 'controllers', 'x200b', 'this', 'ain', ""couldn't"", 'they', 'each', 'has', 'we', 'was', 'theirs', 'is', ""shouldn't"", 'so', 'won', 'then', 'thanks', 'needn', 'such', ""wasn't"", 'does', 'only', ""didn't"", 'using', 'while', 'been', 'controller', 's', 'cable', 'haven', 'experience', 'shan', 'things', 'fix', 'right', 'no', 'make', ""you're"", 'were', 'playing', 'those', 'over', 'their', 'by', 'having', 'about', 'ours', 'going', 'into', ""mustn't"", 'once', 'd', 'll', ""she's"", 'or', 're', 'let', ""aren't"", 'thing', 'doing', 'other', 'saber', 'up', 'yours', 'until', 'hers', 'below', 'own', 'tried', 'recently', 'used', 'too', 'com', 'that', 've', 'off', 'weren', 'ourselves', 'itself', 'all', 'myself', 'shouldn', 'more', 'getting', 'under', 'got', 'screen', 'have', 'fine', 'in', 'think', 'herself', 'had', ""wouldn't"", ""haven't"", 'long', 'wondering', 'wouldn', 'most', 'didn', 'try', 'same', 'what', 'problem', 'for', 'games', 'turn', 'yourselves', 'people', 'why', ""hasn't"", 'i', 'through', 'how', ""don't"", 'hasn', 'few', 'some'}",,True,0.001,4.0,sqrt,75.0,,,,,,,,
svcc_1,,,,,,0.8632904846335698,0.9408703878902555,0.8576158940397351,0.7,1000.0,,english,,,,,,,19.0,1.0,poly,,,,,
svcc_1,,,,,,0.8632904846335698,0.9408703878902555,0.8576158940397351,0.7,1000.0,,english,,,,,,,19.0,1.0,poly,,,,,
svct_1,,6000.0,,"(1, 1)",english,0.8751188749194068,0.9971617786187322,0.8807947019867549,,,,,,,,,,,2.0,2.0,poly,,,,,
svct_1,,,,,,0.8571412260906941,0.9962157048249763,0.8565121412803532,0.2,3000.0,"(1, 2)","{'work', 'he', 'during', 'know', 'amp', ""weren't"", 'ma', 'being', 'will', 'if', 'himself', 'ago', 'yourself', 'after', 'just', 'www', 'your', 'be', ""it's"", 'her', 'can', ""needn't"", 'need', 'now', 'not', 'sure', 'vr', 'working', 'game', 'to', 'mustn', 'as', 'issue', 'mightn', 'different', 'its', 'these', 'couldn', 'with', 'nor', 'use', 'further', 'tracking', 'both', 'than', 'today', 'whom', ""isn't"", 'like', 'store', 'my', 'at', 'above', 'from', 'his', 'bought', 'it', 'don', 'play', 'when', 'him', 'doesn', 'looking', 'buy', 'am', 'better', ""doesn't"", 'here', 'of', 'update', 'an', 'and', 'good', ""you've"", 'where', 'again', 'set', 'a', ""mightn't"", 'headset', 'y', 'o', ""hadn't"", 'against', ""you'll"", 'which', 'there', 'isn', 'but', 'any', 'do', 'works', 'me', 'wasn', 'https', 'them', 'very', 'themselves', 'should', 'aren', 'down', 'who', 'on', ""won't"", 'way', 'new', 'before', 'out', 'between', 'help', 'really', 'she', 'hadn', ""you'd"", 't', 'beat', 'are', 'time_y', 'you', 'did', 'trying', 'our', 'the', 'because', ""shan't"", ""should've"", 'm', ""that'll"", 'want', 'controllers', 'x200b', 'this', 'ain', ""couldn't"", 'they', 'each', 'has', 'we', 'was', 'theirs', 'is', ""shouldn't"", 'so', 'won', 'then', 'thanks', 'needn', 'such', ""wasn't"", 'does', 'only', ""didn't"", 'using', 'while', 'been', 'controller', 's', 'cable', 'haven', 'experience', 'shan', 'things', 'fix', 'right', 'no', 'make', ""you're"", 'were', 'playing', 'those', 'over', 'their', 'by', 'having', 'about', 'ours', 'going', 'into', ""mustn't"", 'once', 'd', 'll', ""she's"", 'or', 're', 'let', ""aren't"", 'thing', 'doing', 'other', 'saber', 'up', 'yours', 'until', 'hers', 'below', 'own', 'tried', 'recently', 'used', 'too', 'com', 'that', 've', 'off', 'weren', 'ourselves', 'itself', 'all', 'myself', 'shouldn', 'more', 'getting', 'under', 'got', 'screen', 'have', 'fine', 'in', 'think', 'herself', 'had', ""wouldn't"", ""haven't"", 'long', 'wondering', 'wouldn', 'most', 'didn', 'try', 'same', 'what', 'problem', 'for', 'games', 'turn', 'yourselves', 'people', 'why', ""hasn't"", 'i', 'through', 'how', ""don't"", 'hasn', 'few', 'some'}",False,,,,,,19.0,2.0,poly,,,,,
lrc_1,,,,,,0.8812634321942832,0.8992431409649952,0.8830022075055187,0.5,4000.0,"(1, 2)","{'work', 'he', 'during', 'know', 'amp', ""weren't"", 'ma', 'being', 'will', 'if', 'himself', 'ago', 'yourself', 'after', 'just', 'www', 'your', 'be', ""it's"", 'her', 'can', ""needn't"", 'need', 'now', 'not', 'sure', 'vr', 'working', 'game', 'to', 'mustn', 'as', 'issue', 'mightn', 'different', 'its', 'these', 'couldn', 'with', 'nor', 'use', 'further', 'tracking', 'both', 'than', 'today', 'whom', ""isn't"", 'like', 'store', 'my', 'at', 'above', 'from', 'his', 'bought', 'it', 'don', 'play', 'when', 'him', 'doesn', 'looking', 'buy', 'am', 'better', ""doesn't"", 'here', 'of', 'update', 'an', 'and', 'good', ""you've"", 'where', 'again', 'set', 'a', ""mightn't"", 'headset', 'y', 'o', ""hadn't"", 'against', ""you'll"", 'which', 'there', 'isn', 'but', 'any', 'do', 'works', 'me', 'wasn', 'https', 'them', 'very', 'themselves', 'should', 'aren', 'down', 'who', 'on', ""won't"", 'way', 'new', 'before', 'out', 'between', 'help', 'really', 'she', 'hadn', ""you'd"", 't', 'beat', 'are', 'time_y', 'you', 'did', 'trying', 'our', 'the', 'because', ""shan't"", ""should've"", 'm', ""that'll"", 'want', 'controllers', 'x200b', 'this', 'ain', ""couldn't"", 'they', 'each', 'has', 'we', 'was', 'theirs', 'is', ""shouldn't"", 'so', 'won', 'then', 'thanks', 'needn', 'such', ""wasn't"", 'does', 'only', ""didn't"", 'using', 'while', 'been', 'controller', 's', 'cable', 'haven', 'experience', 'shan', 'things', 'fix', 'right', 'no', 'make', ""you're"", 'were', 'playing', 'those', 'over', 'their', 'by', 'having', 'about', 'ours', 'going', 'into', ""mustn't"", 'once', 'd', 'll', ""she's"", 'or', 're', 'let', ""aren't"", 'thing', 'doing', 'other', 'saber', 'up', 'yours', 'until', 'hers', 'below', 'own', 'tried', 'recently', 'used', 'too', 'com', 'that', 've', 'off', 'weren', 'ourselves', 'itself', 'all', 'myself', 'shouldn', 'more', 'getting', 'under', 'got', 'screen', 'have', 'fine', 'in', 'think', 'herself', 'had', ""wouldn't"", ""haven't"", 'long', 'wondering', 'wouldn', 'most', 'didn', 'try', 'same', 'what', 'problem', 'for', 'games', 'turn', 'yourselves', 'people', 'why', ""hasn't"", 'i', 'through', 'how', ""don't"", 'hasn', 'few', 'some'}",,,,,,,,,,3.0,0.9,elasticnet,saga,
lrt_1,,1000.0,,"(1, 1)","{'work', 'he', 'during', 'know', 'amp', ""weren't"", 'ma', 'being', 'will', 'if', 'himself', 'ago', 'yourself', 'after', 'just', 'www', 'your', 'be', ""it's"", 'her', 'can', ""needn't"", 'need', 'now', 'not', 'sure', 'vr', 'working', 'game', 'to', 'mustn', 'as', 'issue', 'mightn', 'different', 'its', 'these', 'couldn', 'with', 'nor', 'use', 'further', 'tracking', 'both', 'than', 'today', 'whom', ""isn't"", 'like', 'store', 'my', 'at', 'above', 'from', 'his', 'bought', 'it', 'don', 'play', 'when', 'him', 'doesn', 'looking', 'buy', 'am', 'better', ""doesn't"", 'here', 'of', 'update', 'an', 'and', 'good', ""you've"", 'where', 'again', 'set', 'a', ""mightn't"", 'headset', 'y', 'o', ""hadn't"", 'against', ""you'll"", 'which', 'there', 'isn', 'but', 'any', 'do', 'works', 'me', 'wasn', 'https', 'them', 'very', 'themselves', 'should', 'aren', 'down', 'who', 'on', ""won't"", 'way', 'new', 'before', 'out', 'between', 'help', 'really', 'she', 'hadn', ""you'd"", 't', 'beat', 'are', 'time_y', 'you', 'did', 'trying', 'our', 'the', 'because', ""shan't"", ""should've"", 'm', ""that'll"", 'want', 'controllers', 'x200b', 'this', 'ain', ""couldn't"", 'they', 'each', 'has', 'we', 'was', 'theirs', 'is', ""shouldn't"", 'so', 'won', 'then', 'thanks', 'needn', 'such', ""wasn't"", 'does', 'only', ""didn't"", 'using', 'while', 'been', 'controller', 's', 'cable', 'haven', 'experience', 'shan', 'things', 'fix', 'right', 'no', 'make', ""you're"", 'were', 'playing', 'those', 'over', 'their', 'by', 'having', 'about', 'ours', 'going', 'into', ""mustn't"", 'once', 'd', 'll', ""she's"", 'or', 're', 'let', ""aren't"", 'thing', 'doing', 'other', 'saber', 'up', 'yours', 'until', 'hers', 'below', 'own', 'tried', 'recently', 'used', 'too', 'com', 'that', 've', 'off', 'weren', 'ourselves', 'itself', 'all', 'myself', 'shouldn', 'more', 'getting', 'under', 'got', 'screen', 'have', 'fine', 'in', 'think', 'herself', 'had', ""wouldn't"", ""haven't"", 'long', 'wondering', 'wouldn', 'most', 'didn', 'try', 'same', 'what', 'problem', 'for', 'games', 'turn', 'yourselves', 'people', 'why', ""hasn't"", 'i', 'through', 'how', ""don't"", 'hasn', 'few', 'some'}",0.8713356973995272,0.9176915799432356,0.8830022075055187,,,,,,,,,,,,,,,0.7,elasticnet,saga,
lr_1,,,,,,0.8718085106382979,0.9172185430463576,0.8830022075055187,0.4,1000.0,"(1, 1)","{'work', 'he', 'during', 'know', 'amp', ""weren't"", 'ma', 'being', 'will', 'if', 'himself', 'ago', 'yourself', 'after', 'just', 'www', 'your', 'be', ""it's"", 'her', 'can', ""needn't"", 'need', 'now', 'not', 'sure', 'vr', 'working', 'game', 'to', 'mustn', 'as', 'issue', 'mightn', 'different', 'its', 'these', 'couldn', 'with', 'nor', 'use', 'further', 'tracking', 'both', 'than', 'today', 'whom', ""isn't"", 'like', 'store', 'my', 'at', 'above', 'from', 'his', 'bought', 'it', 'don', 'play', 'when', 'him', 'doesn', 'looking', 'buy', 'am', 'better', ""doesn't"", 'here', 'of', 'update', 'an', 'and', 'good', ""you've"", 'where', 'again', 'set', 'a', ""mightn't"", 'headset', 'y', 'o', ""hadn't"", 'against', ""you'll"", 'which', 'there', 'isn', 'but', 'any', 'do', 'works', 'me', 'wasn', 'https', 'them', 'very', 'themselves', 'should', 'aren', 'down', 'who', 'on', ""won't"", 'way', 'new', 'before', 'out', 'between', 'help', 'really', 'she', 'hadn', ""you'd"", 't', 'beat', 'are', 'time_y', 'you', 'did', 'trying', 'our', 'the', 'because', ""shan't"", ""should've"", 'm', ""that'll"", 'want', 'controllers', 'x200b', 'this', 'ain', ""couldn't"", 'they', 'each', 'has', 'we', 'was', 'theirs', 'is', ""shouldn't"", 'so', 'won', 'then', 'thanks', 'needn', 'such', ""wasn't"", 'does', 'only', ""didn't"", 'using', 'while', 'been', 'controller', 's', 'cable', 'haven', 'experience', 'shan', 'things', 'fix', 'right', 'no', 'make', ""you're"", 'were', 'playing', 'those', 'over', 'their', 'by', 'having', 'about', 'ours', 'going', 'into', ""mustn't"", 'once', 'd', 'll', ""she's"", 'or', 're', 'let', ""aren't"", 'thing', 'doing', 'other', 'saber', 'up', 'yours', 'until', 'hers', 'below', 'own', 'tried', 'recently', 'used', 'too', 'com', 'that', 've', 'off', 'weren', 'ourselves', 'itself', 'all', 'myself', 'shouldn', 'more', 'getting', 'under', 'got', 'screen', 'have', 'fine', 'in', 'think', 'herself', 'had', ""wouldn't"", ""haven't"", 'long', 'wondering', 'wouldn', 'most', 'didn', 'try', 'same', 'what', 'problem', 'for', 'games', 'turn', 'yourselves', 'people', 'why', ""hasn't"", 'i', 'through', 'how', ""don't"", 'hasn', 'few', 'some'}",True,,,,,,,,,,0.7,elasticnet,saga,False
